{
  "Actor": {
    "types": [
      "character",
      "npc"
    ],
    "templates": {
      "base": {
        "abilities": {
          "int": {
            "value": 0,
            "label": "THEWITCHER.actor.abilities.int.label",
            "abbr": "THEWITCHER.actor.abilities.int.abbr"
          },
          "ref": {
            "value": 0,
            "label": "THEWITCHER.actor.abilities.ref.label",
            "abbr": "THEWITCHER.actor.abilities.ref.abbr"
          },
          "body": {
            "value": 0,
            "label": "THEWITCHER.actor.abilities.body.label",
            "abbr": "THEWITCHER.actor.abilities.body.abbr"
          },
          "dex": {
            "value": 0,
            "label": "THEWITCHER.actor.abilities.dex.label",
            "abbr": "THEWITCHER.actor.abilities.dex.abbr"
          },
          "spd": {
            "value": 0,
            "label": "THEWITCHER.actor.abilities.spd.label",
            "abbr": "THEWITCHER.actor.abilities.spd.abbr"
          },
          "emp": {
            "value": 0,
            "label": "THEWITCHER.actor.abilities.emp.label",
            "abbr": "THEWITCHER.actor.abilities.emp.abbr"
          },
          "cra": {
            "value": 0,
            "label": "THEWITCHER.actor.abilities.cra.label",
            "abbr": "THEWITCHER.actor.abilities.cra.abbr"
          },
          "will": {
            "value": 0,
            "label": "THEWITCHER.actor.abilities.will.label",
            "abbr": "THEWITCHER.actor.abilities.will.abbr"
          },
          "luck": {
            "value": 0,
            "max": 0,
            "label": "THEWITCHER.actor.abilities.luck.label",
            "abbr": "THEWITCHER.actor.abilities.luck.abbr"
          }
        },
        "attributes": {
          "stun": {
            "value": 0,
            "max": 0,
            "label": "THEWITCHER.actor.attributes.stun.label",
            "abbr": "THEWITCHER.actor.attributes.stun.abbr"
          },
          "run": {
            "value": 0,
            "label": "THEWITCHER.actor.attributes.run.label",
            "abbr": "THEWITCHER.actor.attributes.run.abbr"
          },
          "leap": {
            "value": 0,
            "label": "THEWITCHER.actor.attributes.leap.label",
            "abbr": "THEWITCHER.actor.attributes.leap.abbr"
          },
          "hp": {
            "value": 0,
            "max": 0,
            "label": "THEWITCHER.actor.attributes.hp.label",
            "abbr": "THEWITCHER.actor.attributes.hp.abbr"
          },
          "sta": {
            "value": 0,
            "max": 0,
            "label": "THEWITCHER.actor.attributes.sta.label",
            "abbr": "THEWITCHER.actor.attributes.sta.abbr"
          },
          "enc": {
            "value": 0,
            "label": "THEWITCHER.actor.attributes.enc.label",
            "abbr": "THEWITCHER.actor.attributes.enc.abbr"
          },
          "rec": {
            "value": 0,
            "label": "THEWITCHER.actor.attributes.rec.label",
            "abbr": "THEWITCHER.actor.attributes.rec.abbr"
          }
        },
        "skills": {
          "int": {
            "awareness": {
              "value": 0,
              "total": 0,
              "label": "THEWITCHER.actor.skills.awareness"
            },
            "business": {
              "value": 0,
              "total": 0,
              "label": "THEWITCHER.actor.skills.business"
            },
            "deduction": {
              "value": 0,
              "total": 0,
              "label": "THEWITCHER.actor.skills.deduction"
            },
            "education": {
              "value": 0,
              "total": 0,
              "label": "THEWITCHER.actor.skills.education"
            },
            "language": {
              "value": 0,
              "total": 0,
              "label": "THEWITCHER.actor.skills.language"
            },
            "monster_lore": {
              "value": 0,
              "total": 0,
              "label": "THEWITCHER.actor.skills.monster_lore"
            },
            "social_etiquette": {
              "value": 0,
              "total": 0,
              "label": "THEWITCHER.actor.skills.social_etiquette"
            },
            "streetwise": {
              "value": 0,
              "total": 0,
              "label": "THEWITCHER.actor.skills.streetwise"
            },
            "tactics": {
              "value": 0,
              "total": 0,
              "label": "THEWITCHER.actor.skills.tactics"
            },
            "teaching": {
              "value": 0,
              "total": 0,
              "label": "THEWITCHER.actor.skills.teaching"
            },
            "wilderness_survival": {
              "value": 0,
              "total": 0,
              "label": "THEWITCHER.actor.skills.wilderness_survival"
            }
          },
          "ref": {
            "brawling": {
              "value": 0,
              "total": 0,
              "label": "THEWITCHER.actor.skills.brawling"
            },
            "dodge": {
              "value": 0,
              "total": 0,
              "label": "THEWITCHER.actor.skills.dodge"
            },
            "melee": {
              "value": 0,
              "total": 0,
              "label": "THEWITCHER.actor.skills.melee"
            },
            "riding": {
              "value": 0,
              "total": 0,
              "label": "THEWITCHER.actor.skills.riding"
            },
            "sailing": {
              "value": 0,
              "total": 0,
              "label": "THEWITCHER.actor.skills.sailing"
            },
            "small_blades": {
              "value": 0,
              "total": 0,
              "label": "THEWITCHER.actor.skills.small_blades"
            },
            "staff_spear": {
              "value": 0,
              "total": 0,
              "label": "THEWITCHER.actor.skills.staff_spear"
            },
            "swordsmanship": {
              "value": 0,
              "total": 0,
              "label": "THEWITCHER.actor.skills.swordsmanship"
            }
          },
          "dex": {
            "archery": {
              "value": 0,
              "total": 0,
              "label": "THEWITCHER.actor.skills.archery"
            },
            "athletics": {
              "value": 0,
              "total": 0,
              "label": "THEWITCHER.actor.skills.athletics"
            },
            "crossbow": {
              "value": 0,
              "total": 0,
              "label": "THEWITCHER.actor.skills.crossbow"
            },
            "sleight_of_hand": {
              "value": 0,
              "total": 0,
              "label": "THEWITCHER.actor.skills.sleight_of_hand"
            },
            "stealth": {
              "value": 0,
              "total": 0,
              "label": "THEWITCHER.actor.skills.stealth"
            }
          },
          "body": {
            "physique": {
              "value": 0,
              "total": 0,
              "label": "THEWITCHER.actor.skills.physique"
            },
            "endurance": {
              "value": 0,
              "total": 0,
              "label": "THEWITCHER.actor.skills.endurance"
            }
          },
          "emp": {
            "charisma": {
              "value": 0,
              "total": 0,
              "label": "THEWITCHER.actor.skills.charisma"
            },
            "deceit": {
              "value": 0,
              "total": 0,
              "label": "THEWITCHER.actor.skills.deceit"
            },
            "fine_arts": {
              "value": 0,
              "total": 0,
              "label": "THEWITCHER.actor.skills.fine_arts"
            },
            "gambling": {
              "value": 0,
              "total": 0,
              "label": "THEWITCHER.actor.skills.gambling"
            },
            "grooming_and_style": {
              "value": 0,
              "total": 0,
              "label": "THEWITCHER.actor.skills.grooming_and_style"
            },
            "human_perception": {
              "value": 0,
              "total": 0,
              "label": "THEWITCHER.actor.skills.human_perception"
            },
            "leadership": {
              "value": 0,
              "total": 0,
              "label": "THEWITCHER.actor.skills.leadership"
            },
            "persuasion": {
              "value": 0,
              "total": 0,
              "label": "THEWITCHER.actor.skills.persuasion"
            },
            "performance": {
              "value": 0,
              "total": 0,
              "label": "THEWITCHER.actor.skills.performance"
            },
            "seduction": {
              "value": 0,
              "total": 0,
              "label": "THEWITCHER.actor.skills.seduction"
            }
          },
          "cra": {
            "alchemy": {
              "value": 0,
              "total": 0,
              "label": "THEWITCHER.actor.skills.alchemy"
            },
            "crafting": {
              "value": 0,
              "total": 0,
              "label": "THEWITCHER.actor.skills.crafting"
            },
            "disguise": {
              "value": 0,
              "total": 0,
              "label": "THEWITCHER.actor.skills.disguise"
            },
            "first_aid": {
              "value": 0,
              "total": 0,
              "label": "THEWITCHER.actor.skills.first_aid"
            },
            "forgery": {
              "value": 0,
              "total": 0,
              "label": "THEWITCHER.actor.skills.forgery"
            },
            "pick_lock": {
              "value": 0,
              "total": 0,
              "label": "THEWITCHER.actor.skills.pick_lock"
            },
            "trap_crafting": {
              "value": 0,
              "total": 0,
              "label": "THEWITCHER.actor.skills.trap_crafting"
            }
          },
          "will": {
            "courage": {
              "value": 0,
              "total": 0,
              "label": "THEWITCHER.actor.skills.courage"
            },
            "hex_weaving": {
              "value": 0,
              "total": 0,
              "label": "THEWITCHER.actor.skills.hex_weaving"
            },
            "intimidation": {
              "value": 0,
              "total": 0,
              "label": "THEWITCHER.actor.skills.intimidation"
            },
            "spell_casting": {
              "value": 0,
              "total": 0,
              "label": "THEWITCHER.actor.skills.spell_casting"
            },
            "resist_magic": {
              "value": 0,
              "total": 0,
              "label": "THEWITCHER.actor.skills.resist_magic"
            },
            "resist_coercion": {
              "value": 0,
              "total": 0,
              "label": "THEWITCHER.actor.skills.resist_coercion"
            },
            "ritual_crafting": {
              "value": 0,
              "total": 0,
              "label": "THEWITCHER.actor.skills.ritual_crafting"
            }
          }
        }
      },
      "additional_attributes": {
        "attributes": {
          "resolve": {
            "value": 0,
            "max": 0,
            "label": "THEWITCHER.actor.attributes.resolve.label",
            "abbr": "THEWITCHER.actor.attributes.resolve.abbr"
          }
        }
      },
      "profession": {
        "profession": {
          "name": "",
          "main": {
            "name": "",
            "ability": "",
            "description": "",
            "level": ""
          },
          "tree": [
            {
              "name": "",
              "chain": [{
                "name": "",
                "ability": "",
                "description": "",
                "level": ""
              }, {
                "name": "",
                "ability": "",
                "description": "",
                "level": ""
              }, {
                "name": "",
                "ability": "",
                "description": "",
                "level": ""
              }]
            }, {
              "name": "",
              "chain": [{
                "name": "",
                "ability": "",
                "description": "",
                "level": ""
              }, {
                "name": "",
                "ability": "",
                "description": "",
                "level": ""
              }, {
                "name": "",
                "ability": "",
                "description": "",
                "level": ""
              }]
            }, {
              "name": "",
              "chain": [{
                "name": "",
                "ability": "",
                "description": "",
                "level": ""
              }, {
                "name": "",
                "ability": "",
                "description": "",
                "level": ""
              }, {
                "name": "",
                "ability": "",
                "description": "",
                "level": ""
              }]
            }
          ]
        }
      }
    },
    "character": {
      "templates": [
        "base",
        "additional_attributes",
        "profession"
      ],
      "details": {
        "age": null,
        "race": "",
        "gender": "",
        "origin": ""
      }
    },
    "npc": {
      "templates": ["base"],
      "type": "",
      "threat": "",
      "bounty": null,
      "armor": null,
      "details": {
        "height": "",
        "weight": "",
        "environment": "",
        "intelligence": "",
        "organization": ""
      },
      "vulnerabilities": [{
        "name": "",
        "description": ""
      }],
      "special_abilities": [{
        "name": "",
        "description": ""
      }],
      "loot": [{
        "name": "",
        "quantity": "",
        "formula": ""
      }],
      "lore": [{
        "name": "",
        "skill": "",
        "dc": null,
        "description": ""
      }],
      "weapons": [{
        "name": "",
        "damage": "",
        "effect": "",
        "rof": null
      }]
    }
  },
  "Item": {
    "types": [
      "service",
      "general_gear",
      "food_and_drink",
      "container",
      "alchemical_item"
    ],
    "templates": {
      "base": {
        "cost": 0,
        "description": {
          "value": ""
        }
      },
      "physicalItem": {
        "quantity": 1,
        "weight": 0
      },
      "extendedBase": {
        "availability": "",
        "effect": ""
      },
      "container": {
        "capacity": 0,
        "allowed": {
          "concealment": "",
          "item-types": []
        },
        "additional_weight": 0,
        "items": []
      }
    },
    "service": {
      "template": ["base"]
    },
    "general_gear": {
      "templates": ["base", "physicalItem"]
    },
    "food_and_drink": {
      "templates": ["base", "physicalItem"]
    },
    "container": {
      "templates": ["base", "physicalItem", "container"]
    },
    "alchemical_item": {
      "templates": ["base", "physicalItem", "extendedBase"]
    }
  }
}
